{
    "Problem": [
        {
            "Lower bound": -Infinity, 
            "Number of constraints": 119, 
            "Number of objectives": 1, 
            "Number of variables": 47, 
            "Sense": "unknown", 
            "Upper bound": Infinity
        }
    ], 
    "Solution": [
        {
            "number of solutions": 1, 
            "number of solutions displayed": 1
        }, 
        {
            "Constraint": "No values", 
            "Gap": null, 
            "Message": "CBC 2.9.4 optimal, objective 0; 102 iterations", 
            "Objective": {}, 
            "Problem": {}, 
            "Status": "optimal", 
            "Variable": {
                "anglesA[A]": {
                    "Value": 0.14451522887293816
                }, 
                "anglesA[B]": {
                    "Value": 0.1469620483044314
                }, 
                "anglesA[C]": {
                    "Value": 0.14216108757719725
                }, 
                "anglesA[D]": {
                    "Value": 0.19124632914396647
                }, 
                "anglesA[E]": {
                    "Value": 0.19350789022639117
                }, 
                "anglesA[F]": {
                    "Value": 0.23836896513281206
                }, 
                "anglesA[G]": {
                    "Value": 0.15500433474381484
                }, 
                "anglesA[H]": {
                    "Value": 0.2272992513800803
                }, 
                "anglesA[I]": {
                    "Value": 0.16095062211492422
                }, 
                "anglesA[J]": {
                    "Value": 0.19054970433349547
                }, 
                "anglesA[K]": {
                    "Value": 0.07482360525040216
                }, 
                "anglesA[L]": {
                    "Value": 0.04669374631661549
                }, 
                "anglesA[N]": {
                    "Value": 0.03516770187069635
                }, 
                "anglesA[O]": {
                    "Value": -0.14443002739452138
                }, 
                "anglesA[P]": {
                    "Value": -0.14089940049603322
                }, 
                "anglesA[Q]": {
                    "Value": -0.23900425796551691
                }, 
                "anglesA[R]": {
                    "Value": -0.2710593039732975
                }, 
                "anglesA[S]": {
                    "Value": -0.1076239318045767
                }, 
                "anglesA[T]": {
                    "Value": -0.12615355147160892
                }, 
                "anglesA[U]": {
                    "Value": -0.315770103702033
                }, 
                "anglesA[V]": {
                    "Value": -0.40528410653392266
                }, 
                "anglesA[W]": {
                    "Value": -0.16670484228847662
                }, 
                "anglesA[X]": {
                    "Value": -0.03163930696415836
                }, 
                "anglesA[Y]": {
                    "Value": 0.1467119523706091
                }, 
                "anglesA[Z]": {
                    "Value": 0.1480148346374174
                }, 
                "anglesA[a]": {
                    "Value": 0.16544316132678638
                }, 
                "anglesA[b]": {
                    "Value": 0.19359806831705192
                }, 
                "anglesA[c]": {
                    "Value": 0.19415584806693348
                }, 
                "anglesA[d]": {
                    "Value": 0.2378976991272941
                }, 
                "anglesA[e]": {
                    "Value": 0.13043015244998657
                }, 
                "anglesA[f]": {
                    "Value": 0.20668015244998658
                }, 
                "anglesA[g]": {
                    "Value": 0.16436607070037457
                }, 
                "anglesA[h]": {
                    "Value": 0.18959423419959873
                }, 
                "anglesA[i]": {
                    "Value": 0.09219369471349399
                }, 
                "anglesA[j]": {
                    "Value": 0.05202597346282538
                }, 
                "anglesA[k]": {
                    "Value": 0.017050426372641814
                }, 
                "anglesA[l]": {
                    "Value": 0.07735759677524699
                }, 
                "anglesA[m]": {
                    "Value": -0.038434790885123145
                }, 
                "anglesA[n]": {
                    "Value": -0.052043588423719055
                }, 
                "anglesA[o]": {
                    "Value": -0.12669848526405755
                }, 
                "anglesA[p]": {
                    "Value": -0.14291441729230095
                }, 
                "anglesA[q]": {
                    "Value": -0.04450915051742489
                }, 
                "anglesA[r]": {
                    "Value": -0.09980578024560896
                }, 
                "anglesA[s]": {
                    "Value": -0.1496297196304673
                }, 
                "anglesA[t]": {
                    "Value": -0.26030414774078026
                }, 
                "anglesA[u]": {
                    "Value": -0.1561789265961102
                }, 
                "anglesA[v]": {
                    "Value": 0.03630677907825403
                }
            }
        }
    ], 
    "Solver": [
        {
            "Id": 0, 
            "Message": "CBC 2.9.4 optimal, objective 0; 102 iterations", 
            "Status": "ok", 
            "Termination condition": "optimal"
        }
    ]
}