{
    "Problem": [
        {
            "Lower bound": -Infinity, 
            "Number of constraints": 379, 
            "Number of objectives": 1, 
            "Number of variables": 188, 
            "Sense": "unknown", 
            "Upper bound": Infinity
        }
    ], 
    "Solution": [
        {
            "number of solutions": 1, 
            "number of solutions displayed": 1
        }, 
        {
            "Constraint": "No values", 
            "Gap": null, 
            "Message": "CBC 2.9.4 optimal, objective 275.646519999999; 0 nodes, 0 iterations, 0.019996 seconds", 
            "Objective": {
                "Total_Cost_Objective": {
                    "Value": 275.646519999999
                }
            }, 
            "Problem": {}, 
            "Status": "optimal", 
            "Variable": {
                "P_deltaB[t]": {
                    "Value": 2.6360000000000134
                }, 
                "P_deltaC[p]": {
                    "Value": 1.8
                }, 
                "P_deltaC[t]": {
                    "Value": 0.8359999999999757
                }, 
                "a0[G,a]": {
                    "Value": 1.0
                }, 
                "a0[M,m]": {
                    "Value": 1.0000000000000002
                }, 
                "a0[W,o]": {
                    "Value": 1.0000000000000002
                }, 
                "anglesA[A]": {
                    "Value": 0.14182717250657353
                }, 
                "anglesA[B]": {
                    "Value": 0.14369202990785557
                }, 
                "anglesA[C]": {
                    "Value": 0.11668339664467181
                }, 
                "anglesA[D]": {
                    "Value": 0.19015208909160036
                }, 
                "anglesA[E]": {
                    "Value": 0.19588383323225728
                }, 
                "anglesA[F]": {
                    "Value": 0.241108387493319
                }, 
                "anglesA[G]": {
                    "Value": 0.1928683683919355
                }, 
                "anglesA[H]": {
                    "Value": 0.24363009462436042
                }, 
                "anglesA[I]": {
                    "Value": 0.15227812180899758
                }, 
                "anglesA[J]": {
                    "Value": 0.1884883761012005
                }, 
                "anglesA[K]": {
                    "Value": 0.0631369818243706
                }, 
                "anglesA[L]": {
                    "Value": 0.04160797922114398
                }, 
                "anglesA[N]": {
                    "Value": 0.010715573789966465
                }, 
                "anglesA[O]": {
                    "Value": -0.18416270403096272
                }, 
                "anglesA[P]": {
                    "Value": -0.17797402321074404
                }, 
                "anglesA[Q]": {
                    "Value": -0.2824336980035972
                }, 
                "anglesA[R]": {
                    "Value": -0.31599614154788935
                }, 
                "anglesA[S]": {
                    "Value": -0.13833142825000852
                }, 
                "anglesA[T]": {
                    "Value": -0.14218778484003367
                }, 
                "anglesA[U]": {
                    "Value": -0.36116639384443205
                }, 
                "anglesA[V]": {
                    "Value": -0.45362175039254315
                }, 
                "anglesA[W]": {
                    "Value": -0.1726887809645475
                }, 
                "anglesA[X]": {
                    "Value": -0.06881213612557305
                }, 
                "anglesA[Y]": {
                    "Value": 0.26001264951454856
                }, 
                "anglesA[Z]": {
                    "Value": 0.2614630235487313
                }, 
                "anglesA[a]": {
                    "Value": 0.24243069751619115
                }, 
                "anglesA[b]": {
                    "Value": 0.30684551970772184
                }, 
                "anglesA[c]": {
                    "Value": 0.311839584035529
                }, 
                "anglesA[d]": {
                    "Value": 0.3548241094734477
                }, 
                "anglesA[e]": {
                    "Value": 0.25890242154517584
                }, 
                "anglesA[f]": {
                    "Value": 0.32966242154517583
                }, 
                "anglesA[g]": {
                    "Value": 0.26808913860957223
                }, 
                "anglesA[h]": {
                    "Value": 0.3021357044807794
                }, 
                "anglesA[i]": {
                    "Value": 0.18875188164848075
                }, 
                "anglesA[j]": {
                    "Value": 0.15504860687009678
                }, 
                "anglesA[k]": {
                    "Value": 0.11631647527680246
                }, 
                "anglesA[l]": {
                    "Value": 0.15535232232700388
                }, 
                "anglesA[m]": {
                    "Value": -0.0003193628710753735
                }, 
                "anglesA[n]": {
                    "Value": -0.0066161062436420745
                }, 
                "anglesA[o]": {
                    "Value": -0.09799187722902987
                }, 
                "anglesA[p]": {
                    "Value": -0.11491814503020714
                }, 
                "anglesA[q]": {
                    "Value": 0.014976948298187054
                }, 
                "anglesA[r]": {
                    "Value": -0.020269913368197074
                }, 
                "anglesA[s]": {
                    "Value": -0.12061264237525068
                }, 
                "anglesA[t]": {
                    "Value": -0.23512355549696737
                }, 
                "anglesA[u]": {
                    "Value": -0.06803568728470834
                }, 
                "anglesA[v]": {
                    "Value": 0.09281801315935005
                }, 
                "anglesB[A]": {
                    "Value": 0.1448725639391105
                }, 
                "anglesB[B]": {
                    "Value": 0.14666857516947623
                }, 
                "anglesB[C]": {
                    "Value": 0.11881312405687294
                }, 
                "anglesB[D]": {
                    "Value": 0.19340246517527204
                }, 
                "anglesB[E]": {
                    "Value": 0.1980160886660074
                }, 
                "anglesB[F]": {
                    "Value": 0.2427267762412753
                }, 
                "anglesB[G]": {
                    "Value": 0.19546658389025928
                }, 
                "anglesB[H]": {
                    "Value": 0.24567252479851362
                }, 
                "anglesB[I]": {
                    "Value": 0.15367273730600242
                }, 
                "anglesB[J]": {
                    "Value": 0.18967526720679473
                }, 
                "anglesB[K]": {
                    "Value": 0.06359025044445729
                }, 
                "anglesB[L]": {
                    "Value": 0.04159635895301171
                }, 
                "anglesB[N]": {
                    "Value": 0.01072796777141668
                }, 
                "anglesB[O]": {
                    "Value": -0.18450303974300558
                }, 
                "anglesB[P]": {
                    "Value": -0.17858095312642608
                }, 
                "anglesB[Q]": {
                    "Value": -0.2829761422805041
                }, 
                "anglesB[R]": {
                    "Value": -0.3165103835465165
                }, 
                "anglesB[S]": {
                    "Value": -0.13959752077907903
                }, 
                "anglesB[T]": {
                    "Value": -0.144600247131519
                }, 
                "anglesB[U]": {
                    "Value": -0.3616282601833969
                }, 
                "anglesB[V]": {
                    "Value": -0.45411528898457193
                }, 
                "anglesB[W]": {
                    "Value": -0.17573174662536103
                }, 
                "anglesB[X]": {
                    "Value": -0.06820803593716968
                }, 
                "anglesB[Y]": {
                    "Value": 0.26494624765088615
                }, 
                "anglesB[Z]": {
                    "Value": 0.266499514868789
                }, 
                "anglesB[a]": {
                    "Value": 0.24649582182093233
                }, 
                "anglesB[b]": {
                    "Value": 0.31253544337203515
                }, 
                "anglesB[c]": {
                    "Value": 0.3164983326828967
                }, 
                "anglesB[d]": {
                    "Value": 0.36028384109185746
                }, 
                "anglesB[e]": {
                    "Value": 0.26768202977301697
                }, 
                "anglesB[f]": {
                    "Value": 0.3372220297730169
                }, 
                "anglesB[g]": {
                    "Value": 0.2722341564770556
                }, 
                "anglesB[h]": {
                    "Value": 0.3065099030689781
                }, 
                "anglesB[i]": {
                    "Value": 0.19116487438414698
                }, 
                "anglesB[j]": {
                    "Value": 0.15799589988651414
                }, 
                "anglesB[k]": {
                    "Value": 0.11871436503525228
                }, 
                "anglesB[l]": {
                    "Value": 0.15593191467556008
                }, 
                "anglesB[m]": {
                    "Value": 0.0016138078383176684
                }, 
                "anglesB[n]": {
                    "Value": -0.008612004915073955
                }, 
                "anglesB[o]": {
                    "Value": -0.10805646936664007
                }, 
                "anglesB[p]": {
                    "Value": -0.12028657644790938
                }, 
                "anglesB[q]": {
                    "Value": 0.01379893527626107
                }, 
                "anglesB[r]": {
                    "Value": -0.02002551656489541
                }, 
                "anglesB[s]": {
                    "Value": -0.10685963245598096
                }, 
                "anglesB[t]": {
                    "Value": -0.15495757991219322
                }, 
                "anglesB[u]": {
                    "Value": -0.0670089650775315
                }, 
                "anglesB[v]": {
                    "Value": 0.0955663425963762
                }, 
                "anglesC[A]": {
                    "Value": 0.14511612389785605
                }, 
                "anglesC[B]": {
                    "Value": 0.14690889143824298
                }, 
                "anglesC[C]": {
                    "Value": 0.11915836019036516
                }, 
                "anglesC[D]": {
                    "Value": 0.19363345486700628
                }, 
                "anglesC[E]": {
                    "Value": 0.19823838286030504
                }, 
                "anglesC[F]": {
                    "Value": 0.24293670764087458
                }, 
                "anglesC[G]": {
                    "Value": 0.1952737729446867
                }, 
                "anglesC[H]": {
                    "Value": 0.24565171513729855
                }, 
                "anglesC[I]": {
                    "Value": 0.15389608948583602
                }, 
                "anglesC[J]": {
                    "Value": 0.18987554508025226
                }, 
                "anglesC[K]": {
                    "Value": 0.06378657530041444
                }, 
                "anglesC[L]": {
                    "Value": 0.04187883453873981
                }, 
                "anglesC[N]": {
                    "Value": 0.01108058670564741
                }, 
                "anglesC[O]": {
                    "Value": -0.18395297230813545
                }, 
                "anglesC[P]": {
                    "Value": -0.17800877822509673
                }, 
                "anglesC[Q]": {
                    "Value": -0.28240931488514764
                }, 
                "anglesC[R]": {
                    "Value": -0.3159458948401212
                }, 
                "anglesC[S]": {
                    "Value": -0.138905115675724
                }, 
                "anglesC[T]": {
                    "Value": -0.143698746024641
                }, 
                "anglesC[U]": {
                    "Value": -0.3610681147565007
                }, 
                "anglesC[V]": {
                    "Value": -0.45355251711920586
                }, 
                "anglesC[W]": {
                    "Value": -0.17471524271654543
                }, 
                "anglesC[X]": {
                    "Value": -0.06773628635282637
                }, 
                "anglesC[Y]": {
                    "Value": 0.26459440224561187
                }, 
                "anglesC[Z]": {
                    "Value": 0.2661570785646606
                }, 
                "anglesC[a]": {
                    "Value": 0.24584904027238327
                }, 
                "anglesC[b]": {
                    "Value": 0.3122200610426138
                }, 
                "anglesC[c]": {
                    "Value": 0.31620817373037946
                }, 
                "anglesC[d]": {
                    "Value": 0.3600295433919643
                }, 
                "anglesC[e]": {
                    "Value": 0.2674222681608769
                }, 
                "anglesC[f]": {
                    "Value": 0.3369622681608769
                }, 
                "anglesC[g]": {
                    "Value": 0.27194092858361485
                }, 
                "anglesC[h]": {
                    "Value": 0.3062836077381388
                }, 
                "anglesC[i]": {
                    "Value": 0.19101150101565667
                }, 
                "anglesC[j]": {
                    "Value": 0.1578132413420334
                }, 
                "anglesC[k]": {
                    "Value": 0.11856648779515207
                }, 
                "anglesC[l]": {
                    "Value": 0.1558801204383779
                }, 
                "anglesC[m]": {
                    "Value": -1.0614324932428476e-05
                }, 
                "anglesC[n]": {
                    "Value": -0.008521104658275592
                }, 
                "anglesC[o]": {
                    "Value": -0.1052285449609745
                }, 
                "anglesC[p]": {
                    "Value": -0.10486216551749394
                }, 
                "anglesC[q]": {
                    "Value": 0.01384497886305899
                }, 
                "anglesC[r]": {
                    "Value": -0.020057484578098236
                }, 
                "anglesC[s]": {
                    "Value": -0.11484174655103006
                }, 
                "anglesC[t]": {
                    "Value": -0.23297967887401505
                }, 
                "anglesC[u]": {
                    "Value": -0.06708383947073472
                }, 
                "anglesC[v]": {
                    "Value": 0.09431572419757063
                }
            }
        }
    ], 
    "Solver": [
        {
            "Id": 0, 
            "Message": "CBC 2.9.4 optimal, objective 275.646519999999; 0 nodes, 0 iterations, 0.019996 seconds", 
            "Status": "ok", 
            "Termination condition": "optimal"
        }
    ]
}