{
    "Problem": [
        {
            "Lower bound": -Infinity, 
            "Number of constraints": 379, 
            "Number of objectives": 1, 
            "Number of variables": 188, 
            "Sense": "unknown", 
            "Upper bound": Infinity
        }
    ], 
    "Solution": [
        {
            "number of solutions": 1, 
            "number of solutions displayed": 1
        }, 
        {
            "Constraint": "No values", 
            "Gap": null, 
            "Message": "CBC 2.9.4 optimal, objective 275.646519999998; 0 nodes, 0 iterations, 0.021996 seconds", 
            "Objective": {
                "Total_Cost_Objective": {
                    "Value": 275.64651999999836
                }
            }, 
            "Problem": {}, 
            "Status": "optimal", 
            "Variable": {
                "P_deltaB[t]": {
                    "Value": 2.6360000000000134
                }, 
                "P_deltaC[p]": {
                    "Value": 1.8
                }, 
                "P_deltaC[t]": {
                    "Value": 0.8359999999999558
                }, 
                "a0[M,m]": {
                    "Value": 1.0
                }, 
                "anglesA[A]": {
                    "Value": 0.14242472651530333
                }, 
                "anglesA[B]": {
                    "Value": 0.14413316057358505
                }, 
                "anglesA[C]": {
                    "Value": 0.11675366727274036
                }, 
                "anglesA[D]": {
                    "Value": 0.1902576563408898
                }, 
                "anglesA[E]": {
                    "Value": 0.19594351313120262
                }, 
                "anglesA[F]": {
                    "Value": 0.23991159221285754
                }, 
                "anglesA[G]": {
                    "Value": 0.19127148411084527
                }, 
                "anglesA[H]": {
                    "Value": 0.2425703856355612
                }, 
                "anglesA[I]": {
                    "Value": 0.15210889696923371
                }, 
                "anglesA[J]": {
                    "Value": 0.18799119809825132
                }, 
                "anglesA[K]": {
                    "Value": 0.06299098420746149
                }, 
                "anglesA[L]": {
                    "Value": 0.04147786146259336
                }, 
                "anglesA[N]": {
                    "Value": 0.010629032062709253
                }, 
                "anglesA[O]": {
                    "Value": -0.18415858467485663
                }, 
                "anglesA[P]": {
                    "Value": -0.17797704356920452
                }, 
                "anglesA[Q]": {
                    "Value": -0.28243499135881384
                }, 
                "anglesA[R]": {
                    "Value": -0.31599667961205197
                }, 
                "anglesA[S]": {
                    "Value": -0.13831307677826662
                }, 
                "anglesA[T]": {
                    "Value": -0.14213226496793996
                }, 
                "anglesA[U]": {
                    "Value": -0.3611655292252088
                }, 
                "anglesA[V]": {
                    "Value": -0.45362173399448696
                }, 
                "anglesA[W]": {
                    "Value": -0.1726128184722603
                }, 
                "anglesA[X]": {
                    "Value": -0.06878272363606955
                }, 
                "anglesA[Y]": {
                    "Value": 0.2607477993572862
                }, 
                "anglesA[Z]": {
                    "Value": 0.26219263456955355
                }, 
                "anglesA[a]": {
                    "Value": 0.24263602270954598
                }, 
                "anglesA[b]": {
                    "Value": 0.3077776865663003
                }, 
                "anglesA[c]": {
                    "Value": 0.3128217989100263
                }, 
                "anglesA[d]": {
                    "Value": 0.35593953335958445
                }, 
                "anglesA[e]": {
                    "Value": 0.2629404411472723
                }, 
                "anglesA[f]": {
                    "Value": 0.33248044114727227
                }, 
                "anglesA[g]": {
                    "Value": 0.26918717796521086
                }, 
                "anglesA[h]": {
                    "Value": 0.30337370432933364
                }, 
                "anglesA[i]": {
                    "Value": 0.18975903599881633
                }, 
                "anglesA[j]": {
                    "Value": 0.15612603003706024
                }, 
                "anglesA[k]": {
                    "Value": 0.1173956142776266
                }, 
                "anglesA[l]": {
                    "Value": 0.1561356248564014
                }, 
                "anglesA[m]": {
                    "Value": 4.658249593622587e-05
                }, 
                "anglesA[n]": {
                    "Value": -0.0061472622246100195
                }, 
                "anglesA[o]": {
                    "Value": -0.0976253255595788
                }, 
                "anglesA[p]": {
                    "Value": -0.11455167796434589
                }, 
                "anglesA[q]": {
                    "Value": 0.015552912005718988
                }, 
                "anglesA[r]": {
                    "Value": -0.01950765455023058
                }, 
                "anglesA[s]": {
                    "Value": -0.12024633243034191
                }, 
                "anglesA[t]": {
                    "Value": -0.23475715053894367
                }, 
                "anglesA[u]": {
                    "Value": -0.0671709661560028
                }, 
                "anglesA[v]": {
                    "Value": 0.09312254493055172
                }, 
                "anglesB[A]": {
                    "Value": 0.1448725639391105
                }, 
                "anglesB[B]": {
                    "Value": 0.14666857516947623
                }, 
                "anglesB[C]": {
                    "Value": 0.11881312405687294
                }, 
                "anglesB[D]": {
                    "Value": 0.19340246517527204
                }, 
                "anglesB[E]": {
                    "Value": 0.1980160886660074
                }, 
                "anglesB[F]": {
                    "Value": 0.2427267762412753
                }, 
                "anglesB[G]": {
                    "Value": 0.19546658389025928
                }, 
                "anglesB[H]": {
                    "Value": 0.24567252479851362
                }, 
                "anglesB[I]": {
                    "Value": 0.15367273730600242
                }, 
                "anglesB[J]": {
                    "Value": 0.18967526720679473
                }, 
                "anglesB[K]": {
                    "Value": 0.06359025044445729
                }, 
                "anglesB[L]": {
                    "Value": 0.04159635895301171
                }, 
                "anglesB[N]": {
                    "Value": 0.01072796777141668
                }, 
                "anglesB[O]": {
                    "Value": -0.18450303974300558
                }, 
                "anglesB[P]": {
                    "Value": -0.17858095312642608
                }, 
                "anglesB[Q]": {
                    "Value": -0.2829761422805041
                }, 
                "anglesB[R]": {
                    "Value": -0.3165103835465165
                }, 
                "anglesB[S]": {
                    "Value": -0.13959752077907903
                }, 
                "anglesB[T]": {
                    "Value": -0.144600247131519
                }, 
                "anglesB[U]": {
                    "Value": -0.3616282601833969
                }, 
                "anglesB[V]": {
                    "Value": -0.45411528898457193
                }, 
                "anglesB[W]": {
                    "Value": -0.17573174662536103
                }, 
                "anglesB[X]": {
                    "Value": -0.06820803593716968
                }, 
                "anglesB[Y]": {
                    "Value": 0.26494624765088615
                }, 
                "anglesB[Z]": {
                    "Value": 0.266499514868789
                }, 
                "anglesB[a]": {
                    "Value": 0.24649582182093233
                }, 
                "anglesB[b]": {
                    "Value": 0.31253544337203515
                }, 
                "anglesB[c]": {
                    "Value": 0.3164983326828967
                }, 
                "anglesB[d]": {
                    "Value": 0.36028384109185746
                }, 
                "anglesB[e]": {
                    "Value": 0.26768202977301697
                }, 
                "anglesB[f]": {
                    "Value": 0.3372220297730169
                }, 
                "anglesB[g]": {
                    "Value": 0.2722341564770556
                }, 
                "anglesB[h]": {
                    "Value": 0.3065099030689781
                }, 
                "anglesB[i]": {
                    "Value": 0.19116487438414698
                }, 
                "anglesB[j]": {
                    "Value": 0.15799589988651414
                }, 
                "anglesB[k]": {
                    "Value": 0.11871436503525228
                }, 
                "anglesB[l]": {
                    "Value": 0.15593191467556008
                }, 
                "anglesB[m]": {
                    "Value": 0.0016138078383176684
                }, 
                "anglesB[n]": {
                    "Value": -0.008612004915073955
                }, 
                "anglesB[o]": {
                    "Value": -0.10805646936664007
                }, 
                "anglesB[p]": {
                    "Value": -0.12028657644790938
                }, 
                "anglesB[q]": {
                    "Value": 0.01379893527626107
                }, 
                "anglesB[r]": {
                    "Value": -0.02002551656489541
                }, 
                "anglesB[s]": {
                    "Value": -0.10685963245598096
                }, 
                "anglesB[t]": {
                    "Value": -0.15495757991219322
                }, 
                "anglesB[u]": {
                    "Value": -0.0670089650775315
                }, 
                "anglesB[v]": {
                    "Value": 0.0955663425963762
                }, 
                "anglesC[A]": {
                    "Value": 0.14511612389785594
                }, 
                "anglesC[B]": {
                    "Value": 0.14690889143824284
                }, 
                "anglesC[C]": {
                    "Value": 0.11915836019036528
                }, 
                "anglesC[D]": {
                    "Value": 0.19363345486700617
                }, 
                "anglesC[E]": {
                    "Value": 0.19823838286030493
                }, 
                "anglesC[F]": {
                    "Value": 0.24293670764087444
                }, 
                "anglesC[G]": {
                    "Value": 0.19527377294468717
                }, 
                "anglesC[H]": {
                    "Value": 0.24565171513729878
                }, 
                "anglesC[I]": {
                    "Value": 0.15389608948583594
                }, 
                "anglesC[J]": {
                    "Value": 0.1898755450802521
                }, 
                "anglesC[K]": {
                    "Value": 0.0637865753004144
                }, 
                "anglesC[L]": {
                    "Value": 0.04187883453873975
                }, 
                "anglesC[N]": {
                    "Value": 0.011080586705647391
                }, 
                "anglesC[O]": {
                    "Value": -0.18395297230813537
                }, 
                "anglesC[P]": {
                    "Value": -0.1780087782250967
                }, 
                "anglesC[Q]": {
                    "Value": -0.2824093148851477
                }, 
                "anglesC[R]": {
                    "Value": -0.3159458948401213
                }, 
                "anglesC[S]": {
                    "Value": -0.138905115675724
                }, 
                "anglesC[T]": {
                    "Value": -0.143698746024641
                }, 
                "anglesC[U]": {
                    "Value": -0.3610681147565007
                }, 
                "anglesC[V]": {
                    "Value": -0.45355251711920586
                }, 
                "anglesC[W]": {
                    "Value": -0.1747152427165454
                }, 
                "anglesC[X]": {
                    "Value": -0.06773628635282629
                }, 
                "anglesC[Y]": {
                    "Value": 0.2645944022456126
                }, 
                "anglesC[Z]": {
                    "Value": 0.2661570785646613
                }, 
                "anglesC[a]": {
                    "Value": 0.24584904027238444
                }, 
                "anglesC[b]": {
                    "Value": 0.3122200610426145
                }, 
                "anglesC[c]": {
                    "Value": 0.31620817373038007
                }, 
                "anglesC[d]": {
                    "Value": 0.36002954339196486
                }, 
                "anglesC[e]": {
                    "Value": 0.2674222681608775
                }, 
                "anglesC[f]": {
                    "Value": 0.33696226816087754
                }, 
                "anglesC[g]": {
                    "Value": 0.2719409285836155
                }, 
                "anglesC[h]": {
                    "Value": 0.30628360773813934
                }, 
                "anglesC[i]": {
                    "Value": 0.1910115010156571
                }, 
                "anglesC[j]": {
                    "Value": 0.1578132413420339
                }, 
                "anglesC[k]": {
                    "Value": 0.11856648779515251
                }, 
                "anglesC[l]": {
                    "Value": 0.15588012043837818
                }, 
                "anglesC[m]": {
                    "Value": -1.061432493230085e-05
                }, 
                "anglesC[n]": {
                    "Value": -0.008521104658275484
                }, 
                "anglesC[o]": {
                    "Value": -0.1052285449609744
                }, 
                "anglesC[p]": {
                    "Value": -0.10486216551749392
                }, 
                "anglesC[q]": {
                    "Value": 0.01384497886305915
                }, 
                "anglesC[r]": {
                    "Value": -0.02005748457809796
                }, 
                "anglesC[s]": {
                    "Value": -0.11484174655103019
                }, 
                "anglesC[t]": {
                    "Value": -0.2329796788740159
                }, 
                "anglesC[u]": {
                    "Value": -0.06708383947073439
                }, 
                "anglesC[v]": {
                    "Value": 0.09431572419757117
                }
            }
        }
    ], 
    "Solver": [
        {
            "Id": 0, 
            "Message": "CBC 2.9.4 optimal, objective 275.646519999998; 0 nodes, 0 iterations, 0.021996 seconds", 
            "Status": "ok", 
            "Termination condition": "optimal"
        }
    ]
}