{
  "nodes":[
    {"name":"Bus1","group":1,"angle":-6.88,"power_gen":172.00,"strength":10,"type":2,"x":500,"y":1500,"power_load":108.00},
    {"name":"Bus2","group":1,"angle":-6.99,"power_gen":172.00,"strength":50,"type":2,"x":750,"y":1500,"power_load":97.00},
    {"name":"Bus3","group":1,"angle":-5.42,"power_gen":0.00,"strength":50,"type":0,"x":250,"y":1250,"power_load":180.00},
    {"name":"Bus4","group":1,"angle":-9.70,"power_gen":0.00,"strength":50,"type":0,"x":500,"y":1350,"power_load":74.00},
    {"name":"Bus5","group":1,"angle":-9.96,"power_gen":0.00,"strength":50,"type":0,"x":750,"y":1350,"power_load":71.00},
    {"name":"Bus6","group":1,"angle":-12.55,"power_gen":0.00,"strength":50,"type":0,"x":1250,"y":1250,"power_load":136.00},
    {"name":"Bus7","group":1,"angle":-10.37,"power_gen":240.00,"strength":50,"type":2,"x":1000,"y":1500,"power_load":125.00},
    {"name":"Bus8","group":1,"angle":-13.03,"power_gen":0.00,"strength":50,"type":0,"x":1000,"y":1350,"power_load":171.00},
    {"name":"Bus9","group":1,"angle":-7.51,"power_gen":0.00,"strength":50,"type":0,"x":750,"y":1250,"power_load":175.00},
    {"name":"Bus10","group":1,"angle":-9.57,"power_gen":0.00,"strength":50,"type":0,"x":1000,"y":1250,"power_load":195.00},
    {"name":"Bus11","group":1,"angle":-2.35,"power_gen":0.00,"strength":50,"type":0,"x":750,"y":1000,"power_load":0.00},
    {"name":"Bus12","group":1,"angle":-1.16,"power_gen":0.00,"strength":50,"type":0,"x":1000,"y":1000,"power_load":0.00},
    {"name":"Bus13","group":1,"angle":1.23,"power_gen":285.30,"strength":50,"type":3,"x":1250,"y":750,"power_load":265.00},
    {"name":"Bus14","group":1,"angle":0.72,"power_gen":0.00,"strength":50,"type":2,"x":700,"y":750,"power_load":194.00},
    {"name":"Bus15","group":1,"angle":11.94,"power_gen":215.00,"strength":50,"type":2,"x":250,"y":750,"power_load":317.00},
    {"name":"Bus16","group":1,"angle":11.57,"power_gen":155.00,"strength":50,"type":2,"x":250,"y":500,"power_load":100.00},
    {"name":"Bus17","group":1,"angle":17.60,"power_gen":0.00,"strength":50,"type":0,"x":0,"y":250,"power_load":0.00},
    {"name":"Bus18","group":1,"angle":19.53,"power_gen":400.00,"strength":50,"type":2,"x":250,"y":0,"power_load":333.00},
    {"name":"Bus19","group":1,"angle":9.26,"power_gen":0.00,"strength":50,"type":0,"x":750,"y":500,"power_load":181.00},
    {"name":"Bus20","group":1,"angle":9.37,"power_gen":0.00,"strength":50,"type":0,"x":1000,"y":500,"power_load":128.00},
    {"name":"Bus21","group":1,"angle":22.12,"power_gen":400.00,"strength":50,"type":2,"x":750,"y":0,"power_load":0.00},
    {"name":"Bus22","group":1,"angle":27.44,"power_gen":300.00,"strength":50,"type":2,"x":1000,"y":0,"power_load":0.00},
    {"name":"Bus23","group":1,"angle":11.05,"power_gen":660.00,"strength":50,"type":2,"x":1000,"y":350,"power_load":0.00},
    {"name":"Bus24","group":1,"angle":5.30,"power_gen":0.00,"strength":50,"type":0,"x":250,"y":1000,"power_load":0.00},
    {"name":"Bus25","group":2,"angle":-14.96,"power_gen":172.00,"strength":50,"type":2,"x":2000,"y":1500,"power_load":108.00},
    {"name":"Bus26","group":2,"angle":-15.05,"power_gen":172.00,"strength":50,"type":2,"x":2250,"y":1500,"power_load":97.00},
    {"name":"Bus27","group":2,"angle":-13.96,"power_gen":0.00,"strength":50,"type":0,"x":1750,"y":1250,"power_load":180.00},
    {"name":"Bus28","group":2,"angle":-17.72,"power_gen":0.00,"strength":50,"type":0,"x":2000,"y":1350,"power_load":74.00},
    {"name":"Bus29","group":2,"angle":-17.94,"power_gen":0.00,"strength":50,"type":0,"x":2250,"y":1350,"power_load":71.00},
    {"name":"Bus30","group":2,"angle":-20.48,"power_gen":0.00,"strength":50,"type":0,"x":2750,"y":1250,"power_load":136.00},
    {"name":"Bus31","group":2,"angle":-15.10,"power_gen":240.00,"strength":50,"type":2,"x":2500,"y":1500,"power_load":125.00},
    {"name":"Bus32","group":2,"angle":-19.12,"power_gen":0.00,"strength":50,"type":0,"x":2500,"y":1350,"power_load":171.00},
    {"name":"Bus33","group":2,"angle":-15.50,"power_gen":0.00,"strength":50,"type":0,"x":2250,"y":1250,"power_load":175.00},
    {"name":"Bus34","group":2,"angle":-17.45,"power_gen":0.00,"strength":50,"type":0,"x":2500,"y":1250,"power_load":195.00},
    {"name":"Bus35","group":2,"angle":-10.99,"power_gen":0.00,"strength":50,"type":0,"x":2250,"y":1000,"power_load":0.00},
    {"name":"Bus36","group":2,"angle":-9.03,"power_gen":0.00,"strength":50,"type":0,"x":2500,"y":1000,"power_load":0.00},
    {"name":"Bus37","group":2,"angle":-6.83,"power_gen":285.30,"strength":50,"type":2,"x":2750,"y":750,"power_load":265.00},
    {"name":"Bus38","group":2,"angle":-9.15,"power_gen":0.00,"strength":50,"type":2,"x":2200,"y":750,"power_load":194.00},
    {"name":"Bus39","group":2,"angle":-0.57,"power_gen":215.00,"strength":50,"type":2,"x":1750,"y":750,"power_load":317.00},
    {"name":"Bus40","group":2,"angle":0.00,"power_gen":155.00,"strength":50,"type":2,"x":1750,"y":500,"power_load":100.00},
    {"name":"Bus41","group":2,"angle":6.37,"power_gen":320.00,"strength":50,"type":0,"x":1500,"y":250,"power_load":0.00},
    {"name":"Bus42","group":2,"angle":6.06,"power_gen":0.00,"strength":50,"type":2,"x":1750,"y":0,"power_load":0.00},
    {"name":"Bus43","group":2,"angle":-1.18,"power_gen":0.00,"strength":50,"type":0,"x":2250,"y":500,"power_load":181.00},
    {"name":"Bus44","group":2,"angle":0.93,"power_gen":0.00,"strength":50,"type":0,"x":2500,"y":500,"power_load":128.00},
    {"name":"Bus45","group":2,"angle":5.49,"power_gen":100.00,"strength":50,"type":2,"x":2250,"y":0,"power_load":0.00},
    {"name":"Bus46","group":2,"angle":8.51,"power_gen":113.00,"strength":50,"type":2,"x":2500,"y":0,"power_load":0.00},
    {"name":"Bus47","group":2,"angle":3.70,"power_gen":660.00,"strength":50,"type":2,"x":2500,"y":350,"power_load":0.00},
    {"name":"Bus48","group":2,"angle":-5.69,"power_gen":0.00,"strength":50,"type":0,"x":1750,"y":1000,"power_load":0.00}
  ],
  "links":[
    {"source":0,"target":1,"value":12.90,"type":0,"max_P":193,"length":30},
    {"source":0,"target":2,"value":-12.11,"type":0,"max_P":208,"length":550},
    {"source":0,"target":4,"value":63.21,"type":0,"max_P":208,"length":220},
    {"source":1,"target":3,"value":37.29,"type":0,"max_P":208,"length":330},
    {"source":1,"target":5,"value":50.60,"type":0,"max_P":208,"length":500},
    {"source":1,"target":0,"value":-12.90,"max_P":193,"type":0,"length":30},
    {"source":2,"target":8,"value":30.70,"type":0,"max_P":208,"length":310},
    {"source":2,"target":23,"value":-222.81,"type":0,"max_P":510,"length":10},
    {"source":2,"target":0,"value":12.11,"max_P":208,"type":0,"length":550},
    {"source":3,"target":8,"value":-36.71,"type":1,"max_P":208,"length":270},
    {"source":3,"target":1,"value":-37.29,"max_P":208,"type":0,"length":330},
    {"source":4,"target":9,"value":-7.79,"type":1,"max_P":208,"length":230},
    {"source":4,"target":0,"value":-63.21,"max_P":208,"type":0,"length":220},
    {"source":5,"target":9,"value":-85.40,"type":1,"max_P":193,"length":160},
    {"source":5,"target":1,"value":-50.60,"max_P":208,"type":0,"length":500},
    {"source":6,"target":7,"value":76.06,"type":0,"max_P":208,"length":160},
    {"source":6,"target":26,"value":38.94,"type":0,"max_P":208,"length":420},
    {"source":7,"target":8,"value":-58.34,"type":0,"max_P":208,"length":430},
    {"source":7,"target":9,"value":-36.60,"type":0,"max_P":208,"length":430},
    {"source":7,"target":6,"value":-76.06,"max_P":208,"type":0,"length":160},
    {"source":8,"target":10,"value":-107.35,"type":0,"max_P":510,"length":10},
    {"source":8,"target":11,"value":-132.00,"type":0,"max_P":510,"length":10},
    {"source":8,"target":2,"value":-30.70,"max_P":208,"type":0,"length":310},
    {"source":8,"target":3,"value":36.71,"max_P":208,"type":1,"length":270},
    {"source":8,"target":7,"value":58.34,"max_P":208,"type":0,"length":430},
    {"source":9,"target":10,"value":-150.06,"type":0,"max_P":510,"length":10},
    {"source":9,"target":11,"value":-174.72,"type":0,"max_P":510,"length":10},
    {"source":9,"target":4,"value":7.79,"max_P":208,"type":1,"length":230},
    {"source":9,"target":5,"value":85.40,"max_P":193,"type":1,"length":160},
    {"source":9,"target":7,"value":36.60,"max_P":208,"type":0,"length":430},
    {"source":10,"target":12,"value":-130.17,"type":0,"max_P":600,"length":330},
    {"source":10,"target":13,"value":-127.24,"type":0,"max_P":600,"length":290},
    {"source":10,"target":8,"value":107.35,"max_P":510,"type":0,"length":10},
    {"source":10,"target":9,"value":150.06,"max_P":510,"type":0,"length":10},
    {"source":11,"target":12,"value":-87.04,"type":0,"max_P":600,"length":330},
    {"source":11,"target":22,"value":-219.68,"type":0,"max_P":600,"length":670},
    {"source":11,"target":8,"value":132.00,"max_P":510,"type":0,"length":10},
    {"source":11,"target":9,"value":174.72,"max_P":510,"type":0,"length":10},
    {"source":12,"target":22,"value":-196.91,"type":0,"max_P":600,"length":600},
    {"source":12,"target":38,"value":0.00,"type":0,"max_P":600,"length":520},
    {"source":12,"target":10,"value":130.17,"max_P":600,"type":0,"length":330},
    {"source":12,"target":11,"value":87.04,"max_P":600,"type":0,"length":330},
    {"source":13,"target":15,"value":-321.24,"type":0,"max_P":600,"length":270},
    {"source":13,"target":10,"value":127.24,"max_P":600,"type":0,"length":290},
    {"source":14,"target":15,"value":37.76,"type":0,"max_P":600,"length":120},
    {"source":14,"target":20,"value":-362.58,"type":0,"max_P":600,"length":340},
    {"source":14,"target":23,"value":222.81,"type":1,"max_P":600,"length":360},
    {"source":15,"target":16,"value":-404.42,"type":1,"max_P":600,"length":180},
    {"source":15,"target":18,"value":175.95,"type":1,"max_P":600,"length":160},
    {"source":15,"target":13,"value":321.24,"max_P":600,"type":0,"length":270},
    {"source":15,"target":14,"value":-37.76,"max_P":600,"type":0,"length":120},
    {"source":16,"target":17,"value":-240.88,"type":0,"max_P":600,"length":100},
    {"source":16,"target":21,"value":-163.54,"type":0,"max_P":600,"length":730},
    {"source":16,"target":15,"value":404.42,"max_P":600,"type":1,"length":180},
    {"source":17,"target":20,"value":-173.88,"type":0,"max_P":600,"length":180},
    {"source":17,"target":16,"value":240.88,"max_P":600,"type":0,"length":100},
    {"source":18,"target":19,"value":-5.05,"type":0,"max_P":600,"length":275},
    {"source":18,"target":15,"value":-175.95,"max_P":600,"type":1,"length":160},
    {"source":19,"target":22,"value":-133.05,"type":0,"max_P":600,"length":150},
    {"source":19,"target":18,"value":5.05,"max_P":600,"type":0,"length":275},
    {"source":20,"target":21,"value":-136.46,"type":0,"max_P":600,"length":470},
    {"source":20,"target":14,"value":362.58,"max_P":600,"type":0,"length":340},
    {"source":20,"target":17,"value":173.88,"max_P":600,"type":0,"length":180},
    {"source":21,"target":16,"value":163.54,"max_P":600,"type":0,"length":730},
    {"source":21,"target":20,"value":136.46,"max_P":600,"type":0,"length":470},
    {"source":22,"target":40,"value":110.36,"type":0,"max_P":600,"length":510},
    {"source":22,"target":11,"value":219.68,"max_P":600,"type":0,"length":670},
    {"source":22,"target":12,"value":196.91,"max_P":600,"type":0,"length":600},
    {"source":22,"target":19,"value":133.05,"max_P":600,"type":0,"length":150},
    {"source":23,"target":2,"value":222.81,"max_P":510,"type":0,"length":10},
    {"source":23,"target":14,"value":-222.81,"max_P":600,"type":1,"length":360},
    {"source":24,"target":25,"value":11.06,"type":0,"max_P":193,"length":30},
    {"source":24,"target":26,"value":-8.28,"type":0,"max_P":208,"length":550},
    {"source":24,"target":28,"value":61.22,"type":0,"max_P":208,"length":220},
    {"source":25,"target":27,"value":36.71,"type":0,"max_P":208,"length":330},
    {"source":25,"target":29,"value":49.35,"type":0,"max_P":208,"length":500},
    {"source":25,"target":24,"value":-11.06,"max_P":193,"type":0,"length":30},
    {"source":26,"target":32,"value":22.57,"type":0,"max_P":208,"length":310},
    {"source":26,"target":47,"value":-171.91,"type":0,"max_P":510,"length":10},
    {"source":26,"target":24,"value":8.28,"max_P":208,"type":0,"length":550},
    {"source":26,"target":6,"value":-38.94,"max_P":208,"type":0,"length":420},
    {"source":27,"target":32,"value":-37.29,"type":1,"max_P":208,"length":270},
    {"source":27,"target":25,"value":-36.71,"max_P":208,"type":0,"length":330},
    {"source":28,"target":33,"value":-9.78,"type":1,"max_P":208,"length":230},
    {"source":28,"target":24,"value":-61.22,"max_P":208,"type":0,"length":220},
    {"source":29,"target":33,"value":-86.65,"type":1,"max_P":193,"length":160},
    {"source":29,"target":25,"value":-49.35,"max_P":208,"type":0,"length":500},
    {"source":30,"target":31,"value":115.00,"type":0,"max_P":208,"length":160},
    {"source":31,"target":32,"value":-38.32,"type":0,"max_P":208,"length":430},
    {"source":31,"target":33,"value":-17.68,"type":0,"max_P":208,"length":430},
    {"source":31,"target":30,"value":-115.00,"max_P":208,"type":0,"length":160},
    {"source":32,"target":34,"value":-93.69,"type":0,"max_P":510,"length":10},
    {"source":32,"target":35,"value":-134.35,"type":0,"max_P":510,"length":10},
    {"source":32,"target":26,"value":-22.57,"max_P":208,"type":0,"length":310},
    {"source":32,"target":27,"value":37.29,"max_P":208,"type":1,"length":270},
    {"source":32,"target":31,"value":38.32,"max_P":208,"type":0,"length":430},
    {"source":33,"target":34,"value":-134.23,"type":0,"max_P":510,"length":10},
    {"source":33,"target":35,"value":-174.88,"type":0,"max_P":510,"length":10},
    {"source":33,"target":28,"value":9.78,"max_P":208,"type":1,"length":230},
    {"source":33,"target":29,"value":86.65,"max_P":193,"type":1,"length":160},
    {"source":33,"target":31,"value":17.68,"max_P":208,"type":0,"length":430},
    {"source":34,"target":36,"value":-151.31,"type":0,"max_P":600,"length":330},
    {"source":34,"target":37,"value":-76.61,"type":0,"max_P":600,"length":290},
    {"source":34,"target":32,"value":93.69,"max_P":510,"type":0,"length":10},
    {"source":34,"target":33,"value":134.23,"max_P":510,"type":0,"length":10},
    {"source":35,"target":36,"value":-80.16,"type":0,"max_P":600,"length":330},
    {"source":35,"target":46,"value":-229.07,"type":0,"max_P":600,"length":670},
    {"source":35,"target":32,"value":134.35,"max_P":510,"type":0,"length":10},
    {"source":35,"target":33,"value":174.88,"max_P":510,"type":0,"length":10},
    {"source":36,"target":46,"value":-211.18,"type":0,"max_P":600,"length":600},
    {"source":36,"target":34,"value":151.31,"max_P":600,"type":0,"length":330},
    {"source":36,"target":35,"value":80.16,"max_P":600,"type":0,"length":330},
    {"source":37,"target":39,"value":-270.61,"type":0,"max_P":600,"length":270},
    {"source":37,"target":34,"value":76.61,"max_P":600,"type":0,"length":290},
    {"source":38,"target":39,"value":-58.14,"type":0,"max_P":600,"length":120},
    {"source":38,"target":44,"value":-215.77,"type":0,"max_P":600,"length":340},
    {"source":38,"target":47,"value":171.91,"type":1,"max_P":600,"length":360},
    {"source":38,"target":12,"value":-0.00,"max_P":600,"type":0,"length":520},
    {"source":39,"target":40,"value":-427.59,"type":1,"max_P":600,"length":180},
    {"source":39,"target":42,"value":89.25,"type":1,"max_P":600,"length":160},
    {"source":39,"target":37,"value":270.61,"max_P":600,"type":0,"length":270},
    {"source":39,"target":38,"value":58.14,"max_P":600,"type":0,"length":120},
    {"source":40,"target":41,"value":38.33,"type":0,"max_P":600,"length":100},
    {"source":40,"target":45,"value":-35.55,"type":0,"max_P":600,"length":730},
    {"source":40,"target":39,"value":427.59,"max_P":600,"type":1,"length":180},
    {"source":40,"target":22,"value":-110.36,"max_P":600,"type":0,"length":510},
    {"source":41,"target":44,"value":38.33,"type":0,"max_P":600,"length":180},
    {"source":41,"target":40,"value":-38.33,"max_P":600,"type":0,"length":100},
    {"source":42,"target":43,"value":-91.75,"type":0,"max_P":600,"length":275},
    {"source":42,"target":39,"value":-89.25,"max_P":600,"type":1,"length":160},
    {"source":43,"target":46,"value":-219.75,"type":0,"max_P":600,"length":150},
    {"source":43,"target":42,"value":91.75,"max_P":600,"type":0,"length":275},
    {"source":44,"target":45,"value":-77.45,"type":0,"max_P":600,"length":470},
    {"source":44,"target":38,"value":215.77,"max_P":600,"type":0,"length":340},
    {"source":44,"target":41,"value":-38.33,"max_P":600,"type":0,"length":180},
    {"source":45,"target":40,"value":35.55,"max_P":600,"type":0,"length":730},
    {"source":45,"target":44,"value":77.45,"max_P":600,"type":0,"length":470},
    {"source":46,"target":35,"value":229.07,"max_P":600,"type":0,"length":670},
    {"source":46,"target":36,"value":211.18,"max_P":600,"type":0,"length":600},
    {"source":46,"target":43,"value":219.75,"max_P":600,"type":0,"length":150},
    {"source":47,"target":26,"value":171.91,"max_P":510,"type":0,"length":10},
    {"source":47,"target":38,"value":-171.91,"max_P":600,"type":1,"length":360}
  ]
}